statement,true_verdict,predicted_verdict,prediction_set,set_size,is_covered
"""Animal abuse is often an indicative trait of future acts of violence against humans.""",true,true,['true'],1,True
"""One out of every 5 people that the federal government charges with murder is an illegal alien.""",false,false,['false'],1,True
"Under Rosemary Lehmberg, the ""Travis County D.A.’s office"" convened the grand jury that indicted Rick Perry.",false,false,"['false', 'mostly-false', 'true']",3,True
"In America, ""more people die from"" prescription narcotic painkillers ""than from heroin and cocaine combined.""",half-true,half-true,['half-true'],1,True
"The Justice Department has been “calling parents that are concerned about what their kids are being taught, they are labeling them terrorists.”",false,mostly-false,"['mostly-false', 'false']",2,True
"""Crime is rising.""",pants-fire,false,"['false', 'mostly-false', 'mostly-true']",3,False
"A new Missouri bill “would put teachers on the sex offense registry if they ‘contribute to social transition’” of transgender students, including by using gender-affirming pronouns.",mostly-true,true,"['true', 'mostly-true', 'half-true', 'mostly-false']",4,True
"Sen. Kamala Harris is ""supporting the animals of MS-13.""",pants-fire,false,"['false', 'mostly-false']",2,False
"Says Mark Pocan’s proposal to eliminate the U.S. Immigration and Customs Enforcement (ICE) would ""eliminate border enforcement.""",pants-fire,pants-fire,['pants-fire'],1,True
"""Eric Schneiderman helped NXIVM sell child sex slaves to the Clintons""",pants-fire,pants-fire,['pants-fire'],1,True
"""No other city in America did what (New York) did. We reduced murders by 50%, reduced police shootings to historic lows, reduced the number of people incarcerated by nearly 40%.""",mostly-true,mostly-true,"['mostly-true', 'mostly-false', 'half-true', 'false']",4,True
"Says Rick Santorum ""voted to let convicted felons vote.""",half-true,mostly-true,"['mostly-true', 'half-true', 'true', 'mostly-false', 'false']",5,True
"""Under ‘Trumpcare,’"" domestic violence and sexual assault ""could be considered pre-existing conditions.""",mostly-false,mostly-false,"['mostly-false', 'false', 'mostly-true', 'half-true']",4,True
"""There is a 34 percent increase in violent crime in the state of California. … And that’s just within the last year.""",false,false,"['false', 'mostly-false']",2,True
"""Every day, 34 Americans are murdered with guns.""",mostly-true,mostly-true,['mostly-true'],1,True
"""Murder went up"" when Romney was governor. ""Robbery went up. Violent crimes went up.""",half-true,half-true,['half-true'],1,True
"Says a gun bill before the Senate would make it a federal felony to ""leave town for more than seven days, and leave someone else at home with your firearms.""",half-true,false,"['false', 'mostly-false', 'half-true', 'mostly-true']",4,True
"Says Rep. Jon Runyan ""voted to redefine rape.""",false,false,['false'],1,True
"""Over the last two years, the number of murders in America and America’s major cities has dropped, unlike here (Chicago), by more than 10%.""",pants-fire,false,"['false', 'mostly-false']",2,False
"Texas has ""the lowest crime rate in this state since 1968"" because of changes in law regarding nonviolent drug offenders.",half-true,mostly-true,"['mostly-true', 'true', 'half-true']",3,True
"""The number of inmates since 2000 on death row dying of natural causes has now surpassed the number of inmates executed.""",true,true,['true'],1,True
"""Bill White spent his city billions of dollars into debt (and) saw crime rates soar while he backed gun control.""",mostly-false,mostly-false,"['mostly-false', 'mostly-true', 'half-true']",3,True
Hacker Hamza Bendelladj was executed.,false,false,['false'],1,True
"""Barack Obama has consistently voted against tougher penalties for criminals.""",false,false,['false'],1,True
“DEA agent Mark Ibrahim was forced from his job and later indicted simply because he was near the Capitol protest on Jan. 6.”,false,false,"['false', 'mostly-false']",2,True
"“California Democrats have proposed Bill 553, which makes it ILLEGAL to confront or fight back against looters, burglars and shoplifters.”",false,false,['false'],1,True
"Says Ted Cruz ""was just bribed by the Kochs to introduce a bill that would give them and their allies America’s national forests, parks, and other public lands and open them for mining, drilling, fracking and logging.""",pants-fire,false,"['false', 'mostly-false', 'half-true']",3,False
"In some states, African-Americans are three times more likely to be sentenced to death than whites for the same crime.",half-true,true,"['true', 'mostly-true']",2,False
"In 2016, Dallas, Texas, has fewer ""police officer-related shootings than any large city in America.""",half-true,mostly-true,"['mostly-true', 'true', 'half-true', 'mostly-false']",4,True
"Says ""if you are shot in the city of Newark, you have over an 80 percent chance that you've been arrested before an average of 10 times.""",mostly-true,true,"['true', 'mostly-true']",2,True
"""Puerto Rico mayor facing fraud charges over $3M in federal disaster relief""",false,false,"['false', 'mostly-false', 'mostly-true', 'half-true']",4,True
“My opponent wants to abolish” law enforcement.,false,false,"['false', 'mostly-false', 'half-true', 'mostly-true']",4,True
"""The majority of Georgians incarcerated in local jails have never been convicted of crime. They are simply too poor to pay their bail.""",half-true,mostly-true,"['mostly-true', 'half-true', 'true']",3,True
"""Biden is adding more IRS agents to investigate your taxes than we have detectives investigating every crime in the country.”",false,false,"['false', 'mostly-false']",2,True
"""More whites than blacks are victims of deadly police shootings.""",half-true,mostly-true,"['mostly-true', 'mostly-false', 'true', 'half-true']",4,True
"More ""than 80 percent of sex trafficking victims in America are U.S. citizens.""",half-true,mostly-true,"['mostly-true', 'false', 'mostly-false', 'half-true']",4,True
The president's own FBI director said that the greatest domestic terrorist threat is white supremacists.,true,true,['true'],1,True
“Kill a White on Sight” appears on Black Lives Matter/Antifa flyers.,false,false,['false'],1,True
"""Republicans want to restore #gunrights to felons""",mostly-true,false,"['false', 'mostly-false', 'mostly-true', 'half-true']",4,True
"Says Paul Soglin took Madison backward -- ""businesses have left and murders have gone up.""",mostly-false,mostly-false,"['mostly-false', 'half-true']",2,True
“Florida man charged with a hate crime” for defacing pride crosswalk.,mostly-false,mostly-false,['mostly-false'],1,True
"""The Obama administration has used the Espionage Act to go after whistleblowers who leaked to journalists ... more than all previous administrations combined.""",true,true,"['true', 'mostly-true']",2,True
Says carbon monoxide is still employed to euthanize dogs and cats in 29 Texas animal shelters.,true,true,"['true', 'mostly-true', 'mostly-false', 'false']",4,True
"""Ken Buck's (District Attorney's) office? His spending skyrocketed by 40 percent.""",mostly-true,mostly-true,['mostly-true'],1,True
"""According to the state of Florida, you are almost twice as likely to be attacked by an alligator than by someone who happens to carry a conceal-and-carry permit.""",mostly-false,false,"['false', 'mostly-false', 'pants-fire', 'half-true']",4,True
A person is on film “burning 80 Trump ballots.”,false,false,['false'],1,True
"""Do this research … watch how much crime picks up if you take away [football].""",false,false,['false'],1,True
The city of San Francisco posted street signs warning that “stolen goods must remain under $950.”,false,false,['false'],1,True
"Palin ""fired Wasilla's Police Chief because he 'intimidated' her.""",mostly-true,mostly-true,['mostly-true'],1,True
"""Seventy four percent of Californians are absolutely against sanctuary state"" policies.",false,false,"['false', 'mostly-false']",2,True
"""We’ve already started (the border wall). We started it in San Diego.""",mostly-false,false,"['false', 'mostly-false', 'half-true']",3,True
"In Wisconsin, ""deaths from domestic violence are at the highest in 10 years.""",true,true,['true'],1,True
"""In 2017, illegal aliens murdered 1,800 Americans.""",false,false,['false'],1,True
"Sharron Angle supported ""a Scientology plan to give massages to prisoners.""",half-true,half-true,['half-true'],1,True
"Says she ""created the first felony deferred prosecution program for nonviolent first-offenders"" in Texas.",mostly-false,mostly-true,"['mostly-true', 'true', 'half-true', 'mostly-false', 'false']",5,True
"""In light of the leak of my financial disclosure info which is a felony I will be contacting @FBI and the @TheJusticeDept""",false,false,['false'],1,True
"""There's no statistical evidence that"" a waiting period for handgun purchases ""reduces violence whatsoever.""",mostly-true,mostly-true,"['mostly-true', 'half-true']",2,True
"In 2009, the FBI ""referred more than 71,000"" cases of people failing background checks when trying to buy a gun to another federal agency, ""but U.S. attorneys ultimately prosecuted only 77 of them.""",half-true,half-true,['half-true'],1,True
"""This type of mass violence does not happen in other advanced countries. It doesn’t happen in other places with this kind of frequency.""",mostly-false,mostly-false,"['mostly-false', 'false', 'half-true']",3,True
"The U.S. House Select Committee that investigated the Jan. 6, 2021, attack on the U.S. Capitol “deleted and destroyed all of the information that they collected over two years.”",false,false,"['false', 'mostly-false']",2,True
The No. 1 cause of death for African-American males 15-34 is murder.,true,true,"['true', 'mostly-true']",2,True
"""Most of these mass shootings take place in (areas) where you're not allowed to have a concealed weapons permit.""",half-true,mostly-false,"['mostly-false', 'mostly-true', 'false', 'half-true']",4,True
"""Political violence, it's just a statistical fact that it's a bigger problem on the left.”",mostly-false,mostly-false,"['mostly-false', 'false', 'mostly-true', 'half-true']",4,True
"People on pot ""shoot each other ... stab each other ... strangle each other, drive under the influence, kill families.""",mostly-false,false,"['false', 'mostly-false', 'mostly-true', 'half-true']",4,True
“One in six local election officials have received threats of violence” and threats against judges have doubled over four years and threats against members of Congress have increased by 10 times over five years.,mostly-true,true,"['true', 'mostly-true']",2,True
"Enacting the Right-to-Carry Act would amount to ""expanding the rights of sex offenders, terrorists, child predators, and abusers to carry concealed weapons across state lines.’’",half-true,mostly-false,"['mostly-false', 'false', 'half-true', 'mostly-true']",4,True
"Rhode Island is ""almost dead last"" among Northeastern states in the length of time first-degree murderers must spend in prison before they’re eligible for parole.",true,mostly-true,"['mostly-true', 'half-true', 'mostly-false', 'true']",4,True
"""Violent crime is up since the last year of Sharpe James’ administration. This year it’s higher. … The unemployment rate is almost 15 percent. The high school dropout rate is over 50 percent.""",half-true,mostly-true,"['mostly-true', 'mostly-false', 'half-true', 'false']",4,True
"""One in five"" women in the military ""are receiving unwanted sexual contact,"" as are ""3.3 percent of men.""",mostly-true,mostly-true,['mostly-true'],1,True
"""Greg Abbott and his surrogates have referred to women who have been the victims of rape or incest as though somehow what they are confronting is a minor issue.""",pants-fire,true,"['true', 'mostly-true', 'half-true']",3,False
"Says according to the FBI, more people are killed each year with hammers and clubs than rifles.",true,mostly-true,"['mostly-true', 'true', 'half-true', 'false']",4,True
"Obama ""supports hate-crimes expansion ... potentially putting churches at risk if they preach the truth about homosexuality.""",false,false,['false'],1,True
"""In Rhode Island, 28 percent of adults released from state prisons are re-incarcerated within a year.""",true,mostly-true,"['mostly-true', 'true', 'half-true']",3,True
"Says Peter Kilmartin voted ""in favor of expanding the 'good behavior' statute to sex offenders.""",false,false,['false'],1,True
"""Milwaukee has the second-highest"" number of children recovered from sex trafficking.",false,false,['false'],1,True
"""Jasper County in Texas raised property taxes by 7 percent in order to pay for one death penalty case.""",true,mostly-true,"['mostly-true', 'mostly-false', 'half-true', 'true']",4,True
"""Nearly all of the top 50 prescribers of oxycodone in the United States are in Florida.""",true,true,['true'],1,True
"“If I didn’t INSIST on having the National Guard activate and go into Kenosha, Wisconsin, there would be no Kenosha right now.”",pants-fire,false,"['false', 'mostly-false']",2,False
"China sends “fentanyl into America killing 80,000 Americans a year.”",half-true,mostly-false,"['mostly-false', 'mostly-true', 'false', 'half-true']",4,True
"“Just last week, Ruben Gallego voted to let the millions of people who poured into our country illegally cast a ballot in this upcoming election.”",false,false,['false'],1,True
"""Washington, D.C., had some of the strictest gun laws in the country. And when they passed them, violence skyrocketed.""",half-true,mostly-true,"['mostly-true', 'half-true', 'mostly-false']",3,True
"Federal agents directly incited people on Jan. 6, 2021, and ""intentionally entrapped"" American citizens.",false,false,"['false', 'mostly-false']",2,True
"""The violent crime rate has risen, and the homicide rate has risen by more than 20 percent in just two years, really after 30 years of decline in violent crime.""",mostly-true,mostly-true,"['mostly-true', 'half-true', 'true', 'mostly-false']",4,True
"""This incident of supposed feces depicting a swastika on the wall of a bathrooms in one of the halls ... has been supported by zero fact.""",pants-fire,false,"['false', 'mostly-false', 'half-true']",3,False
"On Jan. 6, 2021, 274 FBI agents were “probably acting as agitators and insurrectionists, but certainly not as ‘law enforcement officials.’”",pants-fire,false,"['false', 'mostly-false']",2,False
“President Obama and Vice President Biden never even tried to fix this (police reforms) during their eight-year period.”,false,false,"['false', 'mostly-false']",2,True
"""The president has been very clear. All forms of abuse, all forms of battery against women are deplorable and disgusting. ... He’s said that multiple times in the past.""",false,mostly-true,"['mostly-true', 'half-true', 'mostly-false', 'false', 'true']",5,True
"""It’s nothing I do, but the probation office here in the Eastern District of Missouri is the best in the country. They have about a 7.5% recidivism rate, compared to national averages of 70 or 80%""",half-true,mostly-true,"['mostly-true', 'half-true', 'mostly-false']",3,True
"Says Debbie Mucarsel-Powell's family received $700,000 from the firm of ""violent warlord Ihor Kolomoisky,"" who is compared to Fidel Castro and Nicolás Maduro.",half-true,true,"['true', 'mostly-true', 'mostly-false', 'false', 'half-true']",5,True
Says Josh Mandel’s campaign is under FBI investigation,false,false,['false'],1,True
"Says Gov. Scott Walker made ""draconian cuts"" to public safety budgets that put police officers at ""greater risk of harm.""",false,false,['false'],1,True
"""Pier 39 terrorist was an anti-Trump antifa supporter.""",half-true,false,"['false', 'mostly-false', 'pants-fire']",3,False
"""While I was mayor of the city of Providence we had the lowest crime rate in 30 years.""",true,mostly-true,"['mostly-true', 'true', 'half-true', 'false']",4,True
"""More lives have been lost because of the war with the drug cartels in Juarez alone, just a few blocks from the United States of America, than have been lost in the war in Afghanistan.""",false,false,['false'],1,True
“Violent crime in South Bend doubled during Mayor Pete’s tenure.”,mostly-false,mostly-false,"['mostly-false', 'false', 'half-true', 'mostly-true']",4,True
The FBI admitted that Venezuela emptied its prisons and sent the inmates to the U.S.,false,false,['false'],1,True
"""A [bank] surveillance camera capturing a criminal’s face and other identifiable traits would certainly discourage robbery attempts and serve as a deterrent to robbers.""",false,false,"['false', 'mostly-false', 'half-true']",3,True
Suspect in July 28 New York City shooting “was shouting Free Palestine and wearing a Keffiyeh.”,false,false,['false'],1,True
"Say a ""left wing extremist, chases down, rams car over Trump bumper sticker.""",mostly-true,mostly-false,"['mostly-false', 'false', 'half-true', 'mostly-true']",4,True
"Says PolitiFact ""validated and independently documented"" its ""criminal history"" claims about Adan Ballesteros.",mostly-false,false,"['false', 'mostly-false', 'half-true']",3,True
"""Black Lives Matter, who are attacking law enforcement officers"" -- Barack Obama ""had them to the White House.""",mostly-false,mostly-false,"['mostly-false', 'false', 'half-true', 'mostly-true']",4,True
Assaults on Wisconsin law enforcement officers are up 224 percent statewide since 2005,mostly-true,mostly-true,"['mostly-true', 'half-true']",2,True
"At the start of the COVID-19 pandemic, Judge Ketanji Brown Jackson advocated that “each and every criminal defendant in D.C. Corrections custody should be released.”",mostly-false,false,"['false', 'mostly-false', 'half-true']",3,True
"Says former President Barack Obama ""pardoned a traitor who gave U.S. enemies state secrets, he also pardoned a terrorist who killed Americans.""",mostly-false,false,"['false', 'mostly-false']",2,True
"""The job [of correctional officer] lowers your life expectancy . . . Metropolitan did a study in, I believe it was 1998, and the life expectancy was 58.""",false,false,"['false', 'pants-fire']",2,True
"Last year, ""244 suspected terrorists walked into gun shops and attempted to purchase a firearm; 223 were able to get the firearm.""",mostly-true,mostly-true,"['mostly-true', 'half-true', 'mostly-false', 'true']",4,True
"The war on drugs led to ""a 500 percent increase in incarceration in our country, disproportionately affecting poor and disproportionately affecting minorities.""",mostly-true,true,"['true', 'mostly-true']",2,True
"""FBI crime statistics have found that labeled ‘sanctuary’ cities experience lower rates of all crime types, including homicides.""",half-true,mostly-true,"['mostly-true', 'true', 'half-true']",3,True
President Trump greenlighted Congress to ramp up Clinton investigation.,pants-fire,false,['false'],1,False
We’ve reduced crime to its lowest level in 27 years.,true,true,['true'],1,True
"The state crime lab under Attorney General Josh Kaul ""is testing significantly less items than former AG Brad Schimel and is still taking longer to test many categories of key items in comparison to Schimel, including DNA.""",true,true,"['true', 'mostly-true']",2,True
"“When I became mayor of the City of Richmond in 2004, the crime rate was at its highest. When I left in 2008, it was at its lowest.”",half-true,mostly-true,"['mostly-true', 'half-true']",2,True
"A Texas police department bought an ad telling drug dealers, ""We can take your competition off the streets for FREE.""",true,true,"['true', 'mostly-true']",2,True
A slain Chicago police officer left behind a two-month-old baby.,false,false,['false'],1,True
"California Gov. Gavin Newsom “just let 76,000 inmates out of jail.""",false,false,"['false', 'mostly-false']",2,True
"""Last year, (Bill McCollum) spent more than $2.2 million dollars to produce and air campaign-style TV ads where you were featured in almost every frame.""",mostly-true,mostly-true,['mostly-true'],1,True
"""As Alaska’s attorney general, (U.S. Senate candidate Dan) Sullivan successfully fought to protect our Second Amendment rights and passed ‘stand your ground.’ """,false,false,"['false', 'mostly-false']",2,True
"""We have 33,000 people a year who die from guns.""",mostly-true,true,"['true', 'mostly-true']",2,True
"The Justice Department has been investigating fraud in Minnesota “for months. So far, we have charged 98 individuals.”",half-true,mostly-true,"['mostly-true', 'true', 'false', 'half-true', 'mostly-false']",5,True
"Says handing over arrested undocumented youth to ICE ""was an unintended consequence"" of a 2008 San Francisco policy that she supported.",false,false,['false'],1,True
"Studies show ""the 2016 shooting and murder rate in Chicago cost us about $9.6 BILLION DOLLARS"" and ""the entire City budget for 2018 is $8.6 billion dollars. This math does not work, it is financially killing our city.""",false,false,"['false', 'mostly-false', 'pants-fire']",3,True
"""Inner-city crime is reaching record levels.""",pants-fire,false,"['false', 'mostly-false']",2,False
Says Texas does not regulate the appearance of some kinds of imitation firearms sold in Texas.,mostly-true,true,"['true', 'mostly-true', 'half-true', 'false']",4,True
"Says crime is on the rise in Austin and a new study showed that it “is the No. 1 city in America in the year-to-year percentage increase in murders, with a percentage increase of more than 64% for the first half of this year.”",half-true,mostly-false,"['mostly-false', 'mostly-true', 'false', 'half-true', 'true']",5,True
"Emails show Democrats, Hillary Clinton and George Soros instigated and orchestrated racial protests in Charlottesville by trying to ""control"" and keep people ""desperate.""",pants-fire,false,"['false', 'pants-fire']",2,True
"Says Paul Manafort’s alleged crimes were ""years ago, before Paul Manafort was part of the Trump campaign.""",mostly-false,false,"['false', 'mostly-false', 'half-true', 'mostly-true']",4,True
"""African Americans are three to four times more likely to be arrested for drug crimes, and nine times more likely to be imprisoned.""",mostly-true,mostly-true,"['mostly-true', 'true', 'half-true', 'mostly-false']",4,True
"""In the last six years of Cianci’s administration violent crime was down in the United States. It was down in the region. It was down in Rhode Island. But it was up in Providence.""",mostly-true,mostly-true,"['mostly-true', 'true', 'half-true', 'mostly-false']",4,True
"""When Phoenix dropped its sanctuary city policy in 2008, its murder rate fell 27 percent the following year.""",half-true,false,"['false', 'mostly-false', 'half-true', 'mostly-true']",4,True
"""The number of SWAT raids have gone up by 1,400 percent since the 1980s.""",mostly-true,mostly-true,"['mostly-true', 'half-true', 'mostly-false']",3,True
"""Crime in Atlanta is down 18 percent since 2009.""",true,true,['true'],1,True
"""134,000 (criminal) aliens have been released by the (Obama) administration in just the past two years.""",half-true,false,"['false', 'mostly-false', 'mostly-true', 'half-true']",4,True
"Before April 22, ""we have restored the rights of more than 18,000 individuals, which is more than the past seven governors combined in their four-year terms.""",true,false,"['false', 'mostly-true', 'true', 'mostly-false', 'half-true']",5,True
"""I have watched ICE liberate towns from the grasp of MS-13.""",false,false,"['false', 'mostly-false', 'pants-fire']",3,True
Scores of politicians and others are on a “list” of sex cases from newly unsealed Ghislaine Maxwell court documents.,false,false,['false'],1,True
"""There’s actually a court order that prevents keeping the kids with the parents when you put the parents in jail.""",mostly-false,false,"['false', 'mostly-false', 'half-true', 'mostly-true']",4,True
"Says ""160,000 kids stay home every day because they are afraid to go to school because of bullying.""",mostly-false,false,"['false', 'mostly-true', 'mostly-false', 'half-true']",4,True
"""Rhode Island has a [inmate] recidivism rate of over 60 percent.""",mostly-true,mostly-true,"['mostly-true', 'true', 'false', 'half-true', 'mostly-false']",5,True
"""Nearly one in five women in America has been a victim of rape or attempted rape.""",mostly-true,true,['true'],1,False
"""US representatives promise implement of UN gun-control plans""",mostly-false,false,"['false', 'mostly-false', 'mostly-true', 'half-true']",4,True
There have been 317 criminal indictments under three recent Republican presidents and only three indictments under three recent Democratic presidents.,half-true,false,"['false', 'mostly-false', 'mostly-true', 'half-true']",4,True
"The Super Bowl has ""one of the highest levels of human sex trafficking activity of any event in the country.""",mostly-false,false,"['false', 'mostly-false', 'pants-fire']",3,True
"""Undocumented immigrants commit less crimes than the native born.""",mostly-true,true,"['true', 'mostly-true']",2,True
"""Gangs have increased by 40 percent since this president was elected.""",half-true,mostly-false,"['mostly-false', 'mostly-true', 'half-true', 'false']",4,True
"The Milwaukee County sheriff’s department  ""plays only a limited role as a traditional law enforcement agency"" and in 2009 reported far fewer crimes to the FBI than the University of Wisconsin-Milwaukee police did.",half-true,half-true,['half-true'],1,True
Says the Obama administration catches and releases nonviolent illegal immigrants.,half-true,mostly-false,"['mostly-false', 'false', 'half-true', 'mostly-true']",4,True
"Says Rick Scott has ""teamed up with a felon convicted of running a Ponzi scheme to smear Charlie Crist.""",false,false,"['false', 'mostly-false', 'mostly-true', 'half-true']",4,True
"""Americans are 25x more likely to be shot & killed than others in developed countries.""",mostly-true,mostly-true,['mostly-true'],1,True
"Says David Clarke reduced the number of Milwaukee County sheriff's deputies ""from about 700 and something to 300 and something.""",half-true,half-true,"['half-true', 'mostly-true']",2,True
"Says Richard Cordray’s ""plan would allow drug dealers to remain on our streets.""",false,mostly-false,"['mostly-false', 'false']",2,True
Georgia ranks No. 9 in the rate of women murdered by men.,true,true,['true'],1,True
"""Earlier this year, [John DePetro] was accused of sexually assaulting a female co-worker.""",pants-fire,false,"['false', 'true', 'half-true', 'mostly-false']",4,False
"""Every 28 hours"" an unarmed black person is shot by a cop.",false,mostly-false,"['mostly-false', 'false', 'half-true']",3,True
"""David Cicilline was the state representative who opposed tough mandatory sentences for those convicted of domestic violence  and child abuse.""",true,true,"['true', 'mostly-true']",2,True
"""In 2016, an officer was assaulted in America on an average of every 10 minutes.""",mostly-true,mostly-true,"['mostly-true', 'mostly-false', 'false', 'half-true']",4,True
“A $7.20 an hour McDonalds employee … now gets a cool 1/2 million dollar reward” for helping police find the suspected UnitedHealthcare CEO shooter.,false,false,"['false', 'mostly-false']",2,True
"""In 2020, more journalists were killed in Mexico than in any other country in the world.""",true,true,"['true', 'mostly-true']",2,True
A test last month at the MAX station at 162nd Avenue and East Burnside saw crime down 41 percent compared with December 2009,mostly-true,mostly-true,['mostly-true'],1,True
"""The U.S. gun homicide rate is 20 times the combined rate of other western nations.""",mostly-true,mostly-false,"['mostly-false', 'mostly-true', 'false']",3,True
"""No one on my staff has ever been charged with a crime.""",false,false,['false'],1,True
"""If you look at what we’ve done over the last several years, the crime rate has actually gone down in [Providence] and . . . the number of shootings has been going down.""",half-true,mostly-true,"['mostly-true', 'true', 'half-true']",3,True
"""90% of Americans want national background checks that close loopholes.""",true,mostly-true,"['mostly-true', 'true', 'half-true']",3,True
"The death penalty ""is a deterrent that does affect and impact people.""",mostly-false,false,"['false', 'mostly-false', 'mostly-true']",3,True
Cook County’s criminal courts “have been shut down for 15 months.”,false,false,"['false', 'mostly-false']",2,True
"Says police officers in Austin, Texas, have been “authorized to use LIVE ROUNDS, and lethal force” against protesters.",half-true,false,"['false', 'mostly-false', 'pants-fire']",3,False
"Says the 2014-15 state budget ""cut border security and funding to fight criminal gangs.""",mostly-false,mostly-false,"['mostly-false', 'false', 'mostly-true', 'half-true']",4,True
"David Dewhurst is ""the first lieutenant governor in history to have a personal security detail.""",mostly-true,true,"['true', 'mostly-true', 'false']",3,True
Says Merrick Garland is investigating Donald Trump’s “tax evasion case.”,false,false,['false'],1,True
"Donald Trump staged the shooting at his rally in Butler, Pennsylvania.",pants-fire,false,['false'],1,False
"""It is a greater crime to have an untagged alligator than to host an open house party (for kids).""",true,false,"['false', 'mostly-false', 'true', 'mostly-true', 'half-true']",5,True
“The gas station where they initially attacked” Kyle Rittenhouse “is owned by his grandparents.”,false,false,['false'],1,True
"""In the eight years that I was mayor, (there was a) nearly 50 percent drop in violent crime, gang crime — crime went down because we grew our police department, we focused on constitutional community policing, we did some of the most innovative prevention, intervention, job re-entry programs in the nation.""",mostly-true,mostly-true,"['mostly-true', 'true']",2,True
"The “Franklin scandal” broke in 1989 “when hundreds of children were apparently flown around the US to be abused by high ranking ‘Establishment’ members.""",false,false,['false'],1,True
"""Mass shootings went up 200 percent in the decade after the assault weapons ban expired.""",mostly-false,mostly-false,"['mostly-false', 'false', 'mostly-true', 'half-true']",4,True
"""Under Abbott, Texas leads the nation in rape offenses while the rate of arrests for rape has fallen by nearly half.""",mostly-true,mostly-true,"['mostly-true', 'true', 'half-true']",3,True
"""I am every year the No.1 pick of all of the law enforcement agencies within Texas.""",false,false,"['false', 'mostly-true', 'mostly-false']",3,True
"""Black people kill more black people every six months than the KKK did in 86 years.""",half-true,false,"['false', 'mostly-false', 'pants-fire']",3,False
"""At a minimum, 40 percent of those who view child pornography end up molesting children as a result.""",mostly-false,mostly-false,"['mostly-false', 'false', 'mostly-true']",3,True
"Texas spends ""more per day to house an inmate than we do on a student.""",true,mostly-true,"['mostly-true', 'true', 'half-true', 'mostly-false']",4,True
"In the immediate wake of a fire and vandalism at the Madison headquarters of an anti-abortion group, Democrats had not condemned “activists who are engaging in this repugnant illegal activity.”",mostly-false,mostly-false,"['mostly-false', 'false', 'half-true', 'mostly-true']",4,True
"""Since 2013 alone, the Obama administration has allowed 300,000 criminal aliens to return back into United States communities. These are individuals encountered or identified by (Immigration and Customs Enforcement), but who were not detained or processed for deportation because it wouldn't have been politically correct.""",half-true,mostly-false,"['mostly-false', 'false', 'half-true']",3,True
"""In our nation’s capital, killings have risen by 50 percent.""",mostly-false,false,"['false', 'mostly-false']",2,True
ATM users in distress can enter their PIN backwards to secretly call the police.,false,false,['false'],1,True
"""You're more likely to be the victim of a violent crime in Milwaukee than in 96 percent of the country.""",half-true,half-true,['half-true'],1,True
"Says Marco Rubio said that ""felons should not have their voting rights restored"" but that ""convicted felons should be allowed to own guns after they have done their time.""",false,false,"['false', 'mostly-false', 'true', 'mostly-true']",4,True
"In Washington, D.C., “We always have a murder a week.”",false,false,"['false', 'mostly-false', 'pants-fire']",3,True
"""Crime in Germany is way up.""",false,false,"['false', 'mostly-false']",2,True
"""Reporters have uncovered another Scott company accused of criminal acts. But Scott won't come clean.""",false,false,"['false', 'mostly-false', 'half-true']",3,True
"The ACLU didn't call for an investigation (of the Newark police department), they called for an immediate federal monitor.",false,false,['false'],1,True
"""In New England, Rhode Island has the second highest number of police officers being assaulted.""",mostly-false,false,"['false', 'mostly-false', 'mostly-true', 'half-true']",4,True
"Laurie Monnes Anderson ""voted to let violent criminals out of jail early.""",mostly-true,false,"['false', 'mostly-false', 'half-true']",3,False
"""Crime is up under Governor DeSantis. Crime was down when I was your governor.""",mostly-false,mostly-true,"['mostly-true', 'half-true', 'mostly-false']",3,True
"""When I was growing up as a kid in the city of Milwaukee, if we averaged 4 homicides a year in the entire city that was a record number.""",false,false,['false'],1,True
"Says ""our indicted Attorney General Ken Paxton is back to being the only statewide official in the country under indictment.""",true,true,"['true', 'mostly-true', 'false', 'mostly-false']",4,True
"Says ""566,000 crimes"" were ""made in Texas by criminal aliens in the last 6 years.""",pants-fire,false,"['false', 'mostly-false', 'mostly-true', 'half-true']",4,False
"“There was no violence on the Senate side, in terms of the chamber.”",mostly-false,false,"['false', 'mostly-false']",2,True
"""The state that has the highest per capita number of … guns that end up committing crimes in New York come from Vermont.""",half-true,mostly-true,"['mostly-true', 'half-true', 'true', 'mostly-false']",4,True
"Rhode Island's graduated driving license ""has saved hundreds of lives.""",false,mostly-true,"['mostly-true', 'false', 'half-true', 'true', 'mostly-false']",5,True
"In Texas, ""sexting is a felony sex offense for teenagers — that can mean up to 10 years in prison.""",half-true,half-true,['half-true'],1,True
"Right now, if Rhode Island police come across a young person with a gun, ""they really don't legally have the right to take it away from them.""",half-true,mostly-true,"['mostly-true', 'half-true', 'false']",3,True
"""While many urban areas across the country saw a sharp increase in crime over the last year, the Philadelphia Police Department successfully lowered part one crimes.""",mostly-true,mostly-true,"['mostly-true', 'true']",2,True
"""Of all cities in the United States with more than 100,000 people, Providence is the 183rd safest.""",mostly-true,true,"['true', 'mostly-true']",2,True
"Says ""we brought crime rate down by 30 percent"" when he was mayor of Dallas.",mostly-true,mostly-true,"['mostly-true', 'half-true', 'mostly-false', 'false']",4,True
The southern U.S. border “is now open to anyone from anywhere in the world who wishes to enter our country.”,false,false,['false'],1,True
"""Joe Biden brought Republicans and Democrats together to pass the 1994 crime bill, putting 100,000 cops on the streets and starting an eight-year drop in crime across the country.""",half-true,mostly-true,"['mostly-true', 'half-true', 'mostly-false', 'false']",4,True
"""More than three women per day lose their lives at the hands of their partners.""",true,true,['true'],1,True
"By the end of 2015, more than 1,300 people will have died on Georgia roads. One of out evey four fatalities resulted from drunken driving.",mostly-true,mostly-true,"['mostly-true', 'true', 'half-true']",3,True
“The entire city (of Portland) is ablaze all the time.”,false,false,"['false', 'pants-fire']",2,True
Says Milwaukee County buses are no less safe now than a year or two ago.,mostly-false,mostly-false,['mostly-false'],1,True
The crime rate in some Atlanta neighborhoods has dropped by 35 to 51 percent.,false,false,['false'],1,True
"Rifles “were involved in 297 deaths” in the U.S. in 2022 and “constipation killed 2,167.”",false,false,['false'],1,True
“More than 20 police officers are dead now because of the riots.”,false,false,['false'],1,True
"""The profit [from automated traffic enforcement cameras] is going to the private corporations, not to the city or state.""",false,true,"['true', 'mostly-true', 'half-true', 'mostly-false']",4,False
"A serial killer is targeting women in Hot Springs, Ark.",false,false,['false'],1,True
"“Over the course of two months, Tony Evers refused to remove (Curtis Schmitt Jr.) from the (state’s veterans) Board despite having the authority to do (so).”",false,false,"['false', 'mostly-false']",2,True
"""... study after study has shown that the death penalty deters murders.""",half-true,half-true,"['half-true', 'mostly-false', 'mostly-true']",3,True
"Joe Biden “is letting millions of people from jails, from prisons, from insane asylums, from mental institutions, drug dealers pour in.”",pants-fire,false,"['false', 'pants-fire']",2,True
"""Satanic leader confesses to sacrificing 675 children 'gifted' to him by doctors.""",half-true,false,"['false', 'mostly-false']",2,False
"""Neighborhoods have become more violent"" under President Barack Obama's ""watch.""",mostly-false,false,"['false', 'mostly-false', 'half-true']",3,True
"""50 percent of murders in Texas have been linked to illegal aliens.""",false,false,['false'],1,True
"Says Jacky Rosen ""voted against stopping criminals from re-entering the United States.""",mostly-false,false,"['false', 'mostly-false', 'half-true', 'mostly-true']",4,True
"Secure Communities ""has a proven track record of enhancing public safety by focusing on violent offenders and those that pose a threat to our communities and our national security.""",half-true,half-true,['half-true'],1,True
“Jeffrey Epstein found living in New Mexico!”,pants-fire,false,"['false', 'pants-fire']",2,True
"""Janice Hahn hired hard-core gang members with taxpayer money to be 'gang-intervention specialists.' She even helped them get out of jail, so they could rape and kill again.""",false,false,['false'],1,True
"""It is shocking to me that Police Commissioner Richard Ross and Mayor Jim Kenney allowed this illegal occupation to go on for hours without taking any action to enforce the law…""",false,mostly-false,"['mostly-false', 'false', 'half-true', 'mostly-true']",4,True
"""They eliminated the funding for community policing.""",false,false,"['false', 'mostly-false', 'mostly-true']",3,True
"A flight from Atlanta to Houston was canceled due to a ""terrorist dry run.""",pants-fire,false,['false'],1,False
"After attacking Emma Gonzalez, U.S. Rep. Steve King is ""facing arrest.""",false,false,['false'],1,True
"There have been ""at least four incidents where bullets from Mexico have crossed the border.""",true,true,['true'],1,True
"Says that unless the recipient called back about ""your tax filings,"" you ""will be taken into custody by the local cops as there are more serious allegations pressed on your name.""",pants-fire,false,['false'],1,False
"Regarding sexual assault against women, ""It’s actually safer not to be in college than it is to be in college.""",mostly-false,false,"['false', 'mostly-false', 'mostly-true']",3,True
"""In the year 2013, the Obama administration released 104,000 criminal illegal aliens. They released 196 murderers – people with homicide convictions, who are here illegally.""",half-true,mostly-false,"['mostly-false', 'false', 'mostly-true', 'half-true']",4,True
The Brooklyn subway attack was a false flag.,pants-fire,false,['false'],1,False
"Says 194 people were killed in mass shootings in 2018 while undocumented immigrants killed 83,211 people.",false,false,['false'],1,True
There is no ‘backlog’ of untested rape kits in Wisconsin.,pants-fire,pants-fire,['pants-fire'],1,True
"""We have seized more currency, more drugs, more outbound arms in the past year than any year in our country’s history.""",half-true,half-true,['half-true'],1,True
"Says that, as a Supreme Court justice, Greg Abbott found that a company whose vacuum cleaners were sold door to door ""had no responsibility"" in the hiring of a salesman who raped a customer.",mostly-true,false,"['false', 'mostly-true', 'mostly-false', 'true', 'half-true']",5,True
"Antonio Villaraigosa's ""recklessness (as mayor of Los Angeles)  ... left no funding to test 7,000 rape kits, putting public safety at risk.""",false,mostly-false,"['mostly-false', 'half-true', 'mostly-true']",3,False
"During her tenure as county attorney in Minnesota, ""there was a 65 percent decrease in incarceration of African-Americans.""",false,false,"['false', 'mostly-false', 'mostly-true']",3,True
"Federal law for Obamacare navigators ""does not bar — or even require screening for — convicted felons, including individuals convicted of identity theft or fraud.""",half-true,true,"['true', 'false', 'mostly-true', 'mostly-false']",4,False
"""In the last five years, 28,000 people have been killed along the U.S.-Mexico border.""",false,false,['false'],1,True
"""Studies have consistently failed to establish the existence of a link between the harshness of a country’s drug laws and its levels of drug use.""",mostly-true,true,['true'],1,False
Sullivan County “has the highest opioid death rate in all of New York state” yet “it’s the only county in the Hudson Valley not included in the federal High-Intensity Drug Trafficking Area” program.,mostly-true,true,"['true', 'mostly-true']",2,True
"Says Austin is the ""safest big city in Texas with an unemployment rate under 3% that has been named the best place to live in the entire United States two years running.""",mostly-true,mostly-true,"['mostly-true', 'true', 'half-true', 'mostly-false']",4,True
"""Police discover meth lab in back room of Alabama Walmart.""",pants-fire,pants-fire,['pants-fire'],1,True
"""Florida man on drugs kills imaginary friend and turns himself in.”",pants-fire,pants-fire,['pants-fire'],1,True
"Says ""I disagreed"" with President Obama’s Secure Communities deportation program",half-true,mostly-true,"['mostly-true', 'half-true', 'true']",3,True
"""Some of the safest communities in the United States are along the border.""",mostly-true,true,"['true', 'mostly-true']",2,True
"""In American history since 9/11, we've had 85 major attacks in our country, 73 percent of them have been by white nationalist hate groups.""",half-true,mostly-true,"['mostly-true', 'mostly-false', 'half-true']",3,True
"""Black people are eight times more likely to be arrested than white people"" in Madison.",half-true,half-true,['half-true'],1,True
"""Hillary Clinton spied on President Trump.""",false,false,"['false', 'mostly-false']",2,True
"""My Treasury team eliminated a 900-case backlog in the Crime Victim Compensation Program.""",true,true,['true'],1,True
"""In Chicago, they've had thousands of shootings, thousands since Jan. 1. Thousands of shootings.""",true,mostly-true,"['mostly-true', 'true', 'half-true', 'mostly-false']",4,True
"""There are so many data that demonstrate that poor people, surprisingly, are less likely to use drugs than people with means.""",false,false,['false'],1,True
"""Every day on average 500 people die from gun violence.""",false,false,"['false', 'mostly-true', 'mostly-false', 'half-true']",4,True
"""Ohioans want an end to pay-to-play politics.""",false,false,"['false', 'mostly-false']",2,True
"“Watching the TV footage of those who entered the Capitol. … If you didn't know the TV footage was from Jan. 6, you would actually think it was a normal tourist visit.”",pants-fire,false,"['false', 'mostly-false', 'pants-fire']",3,True
"Human traffickers are putting toxin-laced tissues on gas pumps and door handles, then waiting for potential victims to pass out.",false,false,"['false', 'mostly-false']",2,True
Four out of 10 homicides are committed by gun in this city.,true,true,['true'],1,True
"""It’s against the law in Texas to let any loaded gun get in the hands of a child.""",true,true,"['true', 'mostly-true', 'false', 'half-true']",4,True
"Recently released Jan. 6 footage shows ""these cops using massive amounts of force against unarmed Trump supporters, including women.""",false,false,"['false', 'mostly-false']",2,True
"""Only half of the murders in the city of St. Louis get solved.""",true,true,"['true', 'mostly-true']",2,True
"""Violent crime is now going down for the first time in a long while.""",mostly-false,mostly-false,"['mostly-false', 'false', 'half-true', 'mostly-true']",4,True
Brown University student Mustapha Karbouch was a suspect in school shooting.,false,false,"['false', 'mostly-false']",2,True
"""Studies have shown that voter fraud is non-existent in Texas.""",false,mostly-false,"['mostly-false', 'false', 'mostly-true', 'half-true']",4,True
“Only one person died on that day” during the Jan. 6 U.S. Capitol riot.,false,false,['false'],1,True
"North Carolina could save ""literally tens of millions of dollars"" if it stopped prosecuting 16-year-olds as adults.",mostly-true,true,"['true', 'mostly-true']",2,True
"More women were killed by their husbands or boyfriends since Sept. 11 than ""all the Americans who were killed by 9/11 or in Afghanistan and Iraq.""",true,true,"['true', 'mostly-true']",2,True
"In Milwaukee, ""The (homicide) rate has nearly doubled in the past two years.""",true,mostly-true,"['mostly-true', 'true', 'half-true', 'mostly-false']",4,True
“The idea that there’s political violence or violence in America like this is just unheard of.”,false,false,"['false', 'mostly-false', 'mostly-true', 'half-true']",4,True
"""Over 22,000 unique Internet Protocol addresses -- in Wisconsin alone -- have downloaded child pornography.""",mostly-true,mostly-true,['mostly-true'],1,True
"Says he was ""not part of transferring"" any priests accused of sexual abuse.",half-true,half-true,['half-true'],1,True
"""An elderly British politician has been savagely beaten to a bloody pulp by a gang of anti-Trump protestors because he ‘welcomed’ the U.S. president to the United Kingdom.""",mostly-false,false,['false'],1,False
"""There was no panhandling when I left office.""",false,false,['false'],1,True
"""The homicide rate in Baltimore is significantly higher than El Salvador, Honduras, Guatemala. ...  I believe it’s higher than Afghanistan.""",half-true,true,"['true', 'mostly-true', 'half-true']",3,True
"""When I was vice president, violent crime fell 15% in this country. ... The murder rate now is up 26% across the nation this year under Donald Trump.""",half-true,mostly-true,"['mostly-true', 'half-true', 'mostly-false']",3,True
"""Florida is enjoying its lowest crime rate in 39 years.""",mostly-true,mostly-true,"['mostly-true', 'half-true']",2,True
"""There are hit squads being trained all over this country” to violently oppose a second term for President Donald Trump.",false,false,"['false', 'pants-fire']",2,True
"The city of Nelson, Ga., is ""quieter than Mayberry.""",half-true,half-true,"['half-true', 'mostly-true']",2,True
"Says he will pursue change in federal law to protect employees from ""extortion from a union"" because ""the Supreme Court has ruled that federal prohibitions outlawing extortion usually do not apply to unions.""",mostly-false,half-true,"['half-true', 'mostly-false', 'false']",3,True
"""Florida is now the No. 1 state in the country for automobile accident fraud.""",mostly-true,mostly-true,['mostly-true'],1,True
"""Defendants charged with producing, directing or promoting an obscene sexual performance by a child will be arraigned & set free.""",mostly-true,false,"['false', 'mostly-false', 'true', 'mostly-true']",4,True
"Law-abiding gun owners stop crimes ""2.5 million times a year,"" according to the federal Centers for Disease Control.",mostly-false,false,"['false', 'mostly-false', 'mostly-true']",3,True
"Says Alex Jones ""said that the victims of the Sandy Hook massacre were child actors and no one was actually killed there.""",true,false,"['false', 'pants-fire', 'true']",3,True
"""Attorney General Eric Holder is involved in the dismissal of the criminal charges"" against the New Black Panther Party for voter intimidation",false,false,"['false', 'mostly-false', 'pants-fire']",3,True
"If Milwaukee approves reducing its maximum forfeiture for marijuana possession to $50, the city would have ""23 different bicycle violations that have a higher forfeiture.""",half-true,half-true,['half-true'],1,True
"""Breaking! Terrorist attacks Trumps at Mar A Lago.""",false,false,['false'],1,True
"""There are over 2,000 crimes recorded per 100,000 population in the U.K.,"" compared to ""466 violent crimes per 100,000"" in the United States.",false,false,"['false', 'mostly-false', 'half-true', 'mostly-true']",4,True
"Boston Marathon bombing suspect Tamerlan Tsarnaev is buried ""not far"" from President Kennedy’s grave.",pants-fire,false,['false'],1,False
“Violent crime rates increased in all but two Wisconsin cities between 2008 and 2017.”,pants-fire,false,"['false', 'mostly-false']",2,False
Former North Carolina Gov. Roy Cooper “bears direct responsibility” for the fatal stabbing of a woman on the Charlotte rail system.,false,false,"['false', 'mostly-false']",2,True
"Sakineh Mohammadi Ashtiani ""was never sentenced to stoning.""",false,false,['false'],1,True
"""There’s 21 congressmen and senators that have been convicted of felonies that still get their retirement, even in jail. They don’t have to wait until they’re 65.""",mostly-true,mostly-true,"['mostly-true', 'true', 'half-true', 'mostly-false']",4,True
"Says Chicago ""had the lowest murder rates in a generation"" during his time as police superintendent.",mostly-false,mostly-false,"['mostly-false', 'false', 'half-true']",3,True
"""In 2013,"" Dan Patrick voted ""against funding to test the backlog of rape kits, allowing rapists to walk free.""",pants-fire,false,"['false', 'mostly-false', 'mostly-true', 'half-true']",4,False
"The Rhode Island Parole Board ""never received an objection from the attorney general"" to the parole of  convicted murder Alfred Brissette.",true,true,"['true', 'false', 'mostly-true', 'half-true']",4,True
"Says Cathy Jordan was ""arrested"" and dragged out of her home by ""a SWAT team of hooligans"" for using medical marijuana.",mostly-false,false,"['false', 'mostly-false']",2,True
"Says Donald Trump got “exposed for raping a 13-year-old"" in retaliation for law enforcement officers “killing black people.”",false,false,['false'],1,True
"""One out of every five law enforcement officers that's killed is killed with an assault weapon.""",mostly-true,mostly-true,"['mostly-true', 'true']",2,True
"""Illegal aliens cost the state of Rhode Island $400 million a year.""",pants-fire,pants-fire,['pants-fire'],1,True
"My ""border security efforts have led to a 60 percent  decrease in border crime.""",pants-fire,pants-fire,['pants-fire'],1,True
They were “never my comments” that a woman can’t get pregnant from rape.,half-true,false,"['false', 'mostly-false', 'half-true']",3,True
"""If you're a terrorist you can't fly,"" but ""an assault weapon you can buy.""",mostly-true,mostly-true,['mostly-true'],1,True
"Says Tallahassee ""is experiencing a five-year low in our crime rate.""",mostly-true,mostly-true,"['mostly-true', 'half-true', 'mostly-false']",3,True
"""Virginia Democrats Push Legislation to Make Criticism of Government Officials a Criminal Offense.""",pants-fire,false,"['false', 'mostly-false']",2,False
"If masks prevent coronavirus, governors would have given them to prison inmates instead of releasing them.",false,false,"['false', 'mostly-false']",2,True
"""Of all the people in federal prison for possession of illegal substances, 77 percent of them are not citizens of the United States.""",half-true,false,"['false', 'mostly-false']",2,False
"Chicago city officials ""have adopted an official policy of protecting criminal aliens who prey on their own residents.""",false,false,"['false', 'mostly-false', 'pants-fire']",3,True
"""Fifty-six percent decline in overall crime. A 73 percent decline in motor-vehicle theft. A 67 percent decline in robbery. A 66 percent decline in murder. This is way beyond what happened in the nation during this period of time.",true,mostly-true,"['mostly-true', 'true', 'half-true']",3,True
"""Al-Qaida operatives, have said, 'Hey, we want you to use this loophole (for purchasing guns despite being on a watch list) to attack and kill Americans.'""",mostly-true,true,"['true', 'mostly-true', 'half-true', 'mostly-false']",4,True
"Says that in Illinois, ""fewer than 20% of those actually deported have been charged with any serious crime.""",mostly-true,mostly-true,"['mostly-true', 'true', 'half-true']",3,True
"""(Jeff) Atwater's busy helping his friends and wasting our tax dollars -- $48 million for a government building so lavish it's dubbed the 'Taj Mahal,' $100,000 for a golf musuem, and $110 million to build a private prison to help a big contributor.""",false,false,['false'],1,True
"""I’m running the second-largest county district attorney’s office … at 1985 staffing levels.""",half-true,half-true,['half-true'],1,True
"""In the rest of the world, there have been 18 school shootings in the last twenty years. In the U.S., there have been 18 school shootings since January 1.""",mostly-false,mostly-false,"['mostly-false', 'mostly-true']",2,True
"Says El Paso is the ""safest city of our size in the nation.""",half-true,mostly-true,"['mostly-true', 'true', 'half-true']",3,True
"“In Virginia, Black people are eight times (8X) more likely than white people to die of gun homicide.”",true,true,"['true', 'mostly-true']",2,True
"""Once again, a police officer has been killed with an illegal gun from Georgia – a state that last year did the NRA’s bidding and weakened its already lax gun laws.""",mostly-false,mostly-false,"['mostly-false', 'mostly-true', 'false']",3,True
"Mexico is ""now rated the number one most dangerous country in the world.""",mostly-false,false,"['false', 'pants-fire']",2,False
"Leticia Van de Putte ""voted to stop schools from removing teachers convicted of a felony.""",mostly-false,false,"['false', 'mostly-false', 'half-true']",3,True
"Says getting ex-cons to successfully return to society is important ""so we are not always faced constantly with recidivism, which is a big problem in the penitentiary today – in the 70 to 80 percent range.""",pants-fire,pants-fire,['pants-fire'],1,True
"""Three of the 11 most violent cities in the U.S. are in Missouri — St. Louis, Kansas City, and Springfield.""",half-true,mostly-true,"['mostly-true', 'true', 'half-true', 'mostly-false']",4,True
"A ""study showed as many as one in four people have had a package stolen from their residence.""",true,mostly-true,"['mostly-true', 'true', 'half-true']",3,True
"""The crime decline in the United States would be fairly small if it wasn't for the crime decline in New York City.""",false,false,"['false', 'mostly-false']",2,True
The Atlanta shooting suspect wrote an anti-China post on Facebook prior to the shootings.,false,false,['false'],1,True
"Says Jordan Davis, son of Georgia Congresswoman Lucy McBath, was killed in ""a drug deal gone bad.""",pants-fire,false,['false'],1,False
"""The truth is David Cicilline voted for tougher laws against child abusers, domestic abusers and abusers of the elderly.""",true,true,['true'],1,True
"Says Georgia’s 5th congressional district, represented by John Lewis, is ""in horrible shape and falling apart (not to mention crime infested).""",mostly-false,mostly-false,"['mostly-false', 'false']",2,True
"“In Chicago, Covid-19 actually LOWERED the death rate.”",false,false,['false'],1,True
"Says Patrick Murphy is trying to ""hide his drunken assault of a police officer.""",mostly-false,false,"['false', 'mostly-false']",2,True
"""Surveys of teens in high school reveal that knowing a classmate who sells cannabis is 90 times more common than knowing a classmate who sells alcohol.""",half-true,false,"['false', 'mostly-true', 'mostly-false', 'half-true']",4,True
"Elon Musk criticized the UnitedHealthcare CEO shooter on X, saying, “It’s disgusting how everyone is turning this guy into some kind of folk hero.”",false,false,['false'],1,True
"""In 2016, counties hosting a Trump rally saw a 226% spike in hate crimes.""",half-true,mostly-false,"['mostly-false', 'half-true', 'mostly-true', 'false']",4,True
"""Beginning on Jan. 1, prostitution by minors will be legal in California.""",pants-fire,false,['false'],1,False
Voting-rights legislation proposed by Democrats in Congress called H.R. 1 “would force states to restore the voting rights of convicted felons—including violent felons convicted of murder or rape.”,half-true,half-true,"['half-true', 'mostly-false', 'mostly-true']",3,True
"""Switzerland (where the government) issues every household a gun . . . has the lowest gun related crime rate of any civilized country in the world!!!""",pants-fire,false,"['false', 'pants-fire']",2,True
"""Parents that go to school board meetings"" and question the curriculum are being ""flagged by the Department of Justice and the FBI for attending a meeting.""",false,false,"['false', 'mostly-false']",2,True
"""When I was U.S. Attorney we wound up putting 10 percent of the state Legislature in jail during my seven years.""",false,false,"['false', 'mostly-false', 'half-true']",3,True
"Sex traffickers are using a zip-tie contraption on the door handles of vehicles “to trick females into looking down and digging for something in their purse to cut with ... Once they’re distracted, boom! They are quickly forced into another vehicle, never to be seen again by their people.”",false,false,['false'],1,True
"""Maxine Waters Is Getting Criminally Charged!""",false,false,['false'],1,True
"Says Hillary Clinton ""wants sanctuary cities.""",mostly-true,mostly-false,"['mostly-false', 'false', 'mostly-true', 'half-true']",4,True
"""A third of the budget for the city of Ferguson (Missouri) was being reaped by civil fines.""",mostly-false,false,['false'],1,False
"Says a study shows that children who live with a biological parent and the parent's boyfriend or girlfriend ""have a 20 times greater chance of being sexually abused.""",true,true,['true'],1,True
“Cal Cunningham has been silent on this on defunding the police; I assume his silence is consent.”,false,false,"['false', 'mostly-false', 'mostly-true']",3,True
"Says ""93 percent of blacks in America are killed by other blacks.""",mostly-true,false,"['false', 'mostly-false', 'mostly-true', 'true']",4,True
"El Paso is the ""safest city in the state of Texas, safest city in the United States.""",half-true,false,"['false', 'mostly-false', 'half-true']",3,True
"""We are now seeing a decrease in violent crime.""",true,true,['true'],1,True
"Says Beto O’Rourke described police as ""modern-day Jim Crow.""",mostly-false,true,"['true', 'mostly-true', 'mostly-false', 'half-true']",4,True
"Protest vandalism in Richmond “all started two weeks ago when Mayor Stoney’s police gassed - tear gassed - a peaceful crowd of protesters, moms and children, at 7:30 p.m. sharp.”",false,false,"['false', 'mostly-false']",2,True
Seattle authorities are investigating a string of serial killings.,false,false,['false'],1,True
"""As of 2014, illegal aliens made up roughly 3.5 percent of our population, and committed over 10 percent of all murders.""",mostly-false,false,"['false', 'mostly-false', 'mostly-true']",3,True
Cheri Beasley “vacated” a man’s death sentence and “threw out” the indictment in a child assault case.,half-true,mostly-false,"['mostly-false', 'half-true', 'mostly-true']",3,True
"""In Catherine Cortez Masto's last term as attorney general, Nevada murder went up 11 percent, robbery went up 28 percent, rape 51 percent. When Cortez Masto left office, Nevada ranked as America's third most dangerous state.""",mostly-false,mostly-false,"['mostly-false', 'false', 'half-true']",3,True
“Joe Biden called Black youth super predators.”,false,false,"['false', 'mostly-false']",2,True
"“When we discovered, I discovered, that we were doing many, many, too many stop and frisks, we cut 95% of it out.”",half-true,mostly-true,"['mostly-true', 'mostly-false', 'half-true', 'false']",4,True
"Says Milwaukee County district attorney candidate Verona Swanigan ""has worked as a prosecutor.""",false,false,['false'],1,True
"Says Dan Sullivan approved a ""light sentence"" for a sex offender who got out of prison and is now charged with a gruesome murder and sexual assault.",pants-fire,false,"['false', 'mostly-false', 'true', 'mostly-true', 'half-true']",5,False
"Because of voter fraud, Republican candidates ""need to do a point or two better"" to win statewide elections in Wisconsin.",false,false,['false'],1,True
"""The United States has the highest incarceration rate in the world.""",mostly-true,mostly-true,"['mostly-true', 'true', 'half-true', 'mostly-false', 'false']",5,True
“Finnish Court rules sex with children is permitted.”,false,false,['false'],1,True
"""50% of the DUIs on Interstate 35 are from illegals. Ninety percent of the 50% have absolutely no identification.""",pants-fire,false,"['false', 'mostly-false']",2,False
"""Here are the facts: there is no massive wave of migrants pouring into California. Overall immigrant apprehensions on the border last year were as low as they’ve been in nearly 50 years (and 85 percent of the apprehensions occurred outside of California).""",true,true,"['true', 'mostly-true']",2,True
Vice President Kamala Harris “even wants to legalize fentanyl.”,false,false,"['false', 'pants-fire']",2,True
"""In Atlanta, since 1994 when the ‘Seven Deadly Sins’ (mandatory minimum sentences) took effect, the violent crime rate has dropped 62 percent.""",mostly-true,mostly-true,['mostly-true'],1,True
“The school shooter in Madison Wisconsin Christian School shooting has been identified as a female identifying as a male.”,false,false,['false'],1,True
"“So far, out of 175 arrested in Kenosha, 102 were not from Kenosha. Rioting has become its own industry.”",mostly-false,mostly-true,"['mostly-true', 'mostly-false', 'false', 'half-true', 'true']",5,True
"""Savings that I achieved"" helped fund cameras on the border. ""As a result, more than 21,500 arrests have been made and 46 tons of narcotics confiscated.""",half-true,mostly-true,"['mostly-true', 'half-true', 'mostly-false']",3,True
"""Rhode Island’s teen binge drinking rate is double the national average.""",false,false,"['false', 'mostly-false', 'mostly-true', 'half-true']",4,True
"""If Governor Cooper's proposed bill for repealing HB2 becomes law, it will create a state-sanctioned 'Look But Don't Touch' policy in our bathrooms.""",pants-fire,false,"['false', 'pants-fire']",2,True
"""Ivanka Trump charged with major crime.”",false,false,['false'],1,True
"“Biden said today, if he loses, his people will keep burning, looting and killing.”",false,false,['false'],1,True
"Says ""overwhelming majorities of Americans"" support gun legislation ""like background checks.""",mostly-true,true,['true'],1,False
"""82-year-old who killed a Muslim in self-defense gets the death penalty.""",pants-fire,pants-fire,['pants-fire'],1,True
"""DUI arrests dropped significantly in Tampa once Uber began operating here.""",half-true,mostly-true,"['mostly-true', 'half-true', 'mostly-false', 'false']",4,True
"More than 3,000 homicides were committed by ""illegal aliens"" over the past six years.",pants-fire,false,"['false', 'mostly-false', 'pants-fire']",3,True
"""I deployed the Texas National Guard"" to the Texas-Mexico border. ""And the policy worked; apprehensions at the border declined 74 percent.""",mostly-false,false,"['false', 'mostly-false', 'half-true']",3,True
"""Eighty-three law enforcement officers have died in the line of duty this year. Twenty-four of them were shot and killed in cold blood.""",true,true,['true'],1,True
"""Crime is down in Arizona.""",true,true,['true'],1,True
A list shows violent crimes in Los Angeles that “people will be set free on as of today.”,false,false,['false'],1,True
"""Hollywood is #1 in Broward homicides in 2013. Thanks Chief Fernandez!""",half-true,false,"['false', 'mostly-false', 'true', 'mostly-true']",4,False
"""Drone technology now allows an individual to be recorded in their homes by drones as small as birds and immediately uploaded to the internet.""",true,true,['true'],1,True
"Says Scott Walker cut funding to local governments in Wisconsin, contributing to the ""second-largest increase in violent crime"" in the Midwest.",half-true,half-true,['half-true'],1,True
"New York is ""leading the nation with the lowest imprisonment rate of any large state”",true,mostly-true,"['mostly-true', 'true', 'half-true']",3,True
"""In 2010, 48,000 felons and fugitives lied and illegally tried to purchase guns. They [The Obama administration] prosecuted only 44 of them.""",mostly-true,mostly-true,"['mostly-true', 'half-true', 'true', 'mostly-false']",4,True
"Austin’s Stop Abuse for Everyone has seen in its offices ""sexual assault survivors that report being attacked by their ridesharing drivers, at a rate of one per month.""",half-true,false,"['false', 'mostly-false', 'half-true']",3,True
"Says ""Catherine Cortez Masto indicted (Brian Krolicki), who was an innocent man, in order to save Harry Reid's political career""",half-true,false,"['false', 'mostly-false', 'true', 'half-true']",4,True
"A recent spending bill had at least ""$1.6 billion in there ... for schools to give them an opportunity to secure them.""",mostly-false,false,"['false', 'mostly-false', 'half-true']",3,True
"""According to a recent study from the University of California Riverside, (sanctuary) cities with these policies have more violent crime on average than those that don’t.""",mostly-false,false,"['false', 'mostly-false', 'pants-fire', 'half-true']",4,True
"""In the mid 1990s, in our state, (Florida was) No. 1 in violent crime in America. ... The only concern I had was for the citizens of Florida, who were subjected to a violent crime every three minutes and 45 seconds.""",true,mostly-true,"['mostly-true', 'true', 'half-true']",3,True
Says America’s most violent cities are that way because of their Democratic politics,mostly-false,false,"['false', 'mostly-false']",2,True
Says murder is the chief cause of death for pregnant women.,mostly-false,mostly-false,"['mostly-false', 'false']",2,True
"""Firearms homicides are down about 40 percent"" since Texas passed concealed-gun permit law.",mostly-true,mostly-true,"['mostly-true', 'false', 'half-true', 'mostly-false']",4,True
"""Studies have shown Latinos are more than 40 percent less likely to call 911 when they have been a victim of a crime.""",mostly-true,mostly-true,"['mostly-true', 'true', 'half-true']",3,True
"Says Debbie Wasserman Schultz ""going to mental hospital after what she did overnight desperate to escape arrest.""",pants-fire,false,"['false', 'pants-fire']",2,True
"Speaking about Hillary Clinton: “I didn’t say, ‘Lock her up.’ ”",pants-fire,false,['false'],1,False
"Says ""some [states] with the largest reductions in crime have also lowered their prison population.""",true,true,['true'],1,True
"""When we passed the assault weapons ban, mass shootings went down. When the law expired, mass shootings tripled.""",mostly-true,true,"['true', 'mostly-true']",2,True
"Under a GOP bill on cash bail, ""a large quantity of people who are accused of crimes, including anyone who even witnesses certain crimes, could now be detained and subject to bail.""",half-true,half-true,"['half-true', 'mostly-false', 'mostly-true']",3,True
"""We have at least 200,000 to 300,000 hate crimes in a given year.""",mostly-true,mostly-true,"['mostly-true', 'true', 'half-true', 'false']",4,True
"Says Brendan Kelly ""allowed half of the criminals he faced to walk free"" and ""failed to protect women who were violently assaulted,"" allowing ""those guilty of sexual assault to cut inexcusable plea deals.""",mostly-false,mostly-false,"['mostly-false', 'half-true', 'mostly-true', 'true']",4,True
"""White men account for 69 percent of those arrested for violent crimes.""",false,false,"['false', 'mostly-false', 'mostly-true', 'half-true']",4,True
"Says Gerald Daugherty advocated lowering the penalty for crimes like strangulation in domestic violence cases because ""they just ‘throw more people into the’"" jail ""‘system.""",mostly-false,true,"['true', 'mostly-true', 'false', 'half-true']",4,False
"Says Milwaukee County Executive Chris Abele ""eliminated"" sheriff’s office funding for providing security for presidential and presidential campaign visits.",half-true,half-true,['half-true'],1,True
"""There are approximately 18,000 (police) departments in the United States.""",mostly-true,true,"['true', 'mostly-true']",2,True
"Since Oregon’s prescription-only law took effect, meth lab incidents have dropped by 96 percent and meth-related arrests by 32 percent.",true,true,['true'],1,True
"""America’s gun-related homicide rate … would be about the same as Belgium’s if you left out California, Illinois, D.C. and New Jersey, places with some of the strictest gun control laws in the U.S.""",pants-fire,false,"['false', 'mostly-false', 'half-true', 'mostly-true']",4,False
"Says Dontre Hamilton ""was shot 14 times by police for resting on a park bench in Milwaukee.""",mostly-true,mostly-true,"['mostly-true', 'half-true']",2,True
"""I've been here almost every day.""",mostly-false,false,"['false', 'mostly-false', 'mostly-true', 'half-true']",4,True
The city of Pembroke Pines doesn't have a vote in a plan to build a detention center in Southwest Ranches.,mostly-false,false,"['false', 'true', 'half-true', 'mostly-false', 'mostly-true']",5,True
"The stories from women saying he groped or forced himself on them ""largely have been debunked.""",false,false,"['false', 'mostly-false']",2,True
"""The murder rate in our country is the highest it’s been in 47 years.""",false,false,"['false', 'mostly-false']",2,True
"""You see 34 people (are) murdered every single day"" by gunfire in America.",mostly-true,mostly-true,"['mostly-true', 'true']",2,True
Georgia has the country’s second highest number of fraudulent tax refund claims.,half-true,half-true,['half-true'],1,True
"“Police budgets are at their highest they've ever been, there hasn’t actually been any defunding the police.”",mostly-false,false,"['false', 'mostly-false', 'mostly-true', 'half-true']",4,True
"Says since Australia passed tough gun laws, ""homicides by firearm have declined almost 60 percent.""",mostly-true,mostly-true,"['mostly-true', 'true']",2,True
"Says unemployment in Trenton is ""twice as much as what we see in every other area of the state"" and, as a result, ""we have seen an increase in crime.""",mostly-false,mostly-false,['mostly-false'],1,True
"San Diego’s border barrier ""almost completely ended illegal crossings.""",half-true,half-true,['half-true'],1,True
"Says of the Milwaukee mass shooter:  ""Supposedly he is black. A noose was hung on his locker and he addressed the issue and he was fired! So he returned the next work day and killed who he all thought were involved.""",mostly-false,mostly-false,"['mostly-false', 'half-true', 'false']",3,True
"Preliminary murder rates in Philadelphia ""will put the murder rate at the highest of this decade in the city.""",mostly-false,mostly-false,"['mostly-false', 'false', 'half-true', 'mostly-true']",4,True
"Rhode Island is ""at the top of the country for alcohol-related fatalities.""",mostly-true,mostly-true,"['mostly-true', 'half-true']",2,True
"The shooting at an elementary school in Uvalde County, Texas, was a false flag.",pants-fire,pants-fire,"['pants-fire', 'false']",2,True
"""In 2017, we had more marijuana possession arrests in our country than all other violent crimes combined.""",true,true,['true'],1,True
"“Arizona was safe” when she moved to the state in 1994, but has become “unsafe.”",false,false,"['false', 'mostly-false', 'half-true']",3,True
Says left-wing activist John Sullivan “incited (the) insurgence of (the) US Capitol.”,mostly-false,false,"['false', 'mostly-false']",2,True
"""Washington has incentivized the militarization of local police precincts.""",true,true,"['true', 'mostly-true']",2,True
"""Muslims in America have been subjected to more insults, attacks and hate crimes in the last two or three years than ever before, specifically more than after 9-11.""",mostly-true,mostly-true,"['mostly-true', 'true', 'half-true', 'mostly-false']",4,True
"Greg Abbott did ""nothing"" to pursue reports of the sexual abuse of boys at a West Texas state-run school.",mostly-false,mostly-false,"['mostly-false', 'false', 'half-true', 'mostly-true']",4,True
Says he led the fight to add 200 new police officers to make the City of Milwaukee safer.,half-true,mostly-false,"['mostly-false', 'false', 'half-true']",3,True
"Shinzo Abe was assassinated because he “didn’t mandate vaccines, sent 1.6 million doses back and gave citizens ivermectin.”",false,false,['false'],1,True
"Says ""Bob Casey voted in favor of deadly sanctuary cities that released thousands upon thousands of illegal alien criminals and vicious gang members to prey on Pennsylvania streets, to prey all over this country.""",false,false,"['false', 'mostly-false']",2,True
"California has seen a ""56 percent decline in the gun murder rate"" since the 1990s.",mostly-true,false,"['false', 'mostly-true', 'mostly-false', 'half-true']",4,True
"Children who witness domestic violence are ""twice as likely to commit it themselves.""",mostly-true,mostly-true,"['mostly-true', 'half-true', 'true']",3,True
"Democrats ""want virtual immunity for illegal aliens who have created horrible crimes and murder.""",false,mostly-false,"['mostly-false', 'false']",2,True
"The man who killed a motorist who fatally struck a 2-year-old was ""back on the street"" because he had received a 13-year sentence for bank robbery but only ""served two years.""",mostly-false,mostly-false,"['mostly-false', 'false']",2,True
"""Well over 90 percent of felony cases, all over the nation, are committed by defendants who grew up in father-absent households.""",mostly-false,false,"['false', 'mostly-false', 'mostly-true', 'half-true']",4,True
"Says a study indicates up to $8.5 billion in lost GDP and up to 185,000 lost jobs if Texas lawmakers approve a measure limiting transgender bathroom choices.",mostly-false,mostly-false,"['mostly-false', 'mostly-true', 'half-true']",3,True
"Decriminalizing marijuana ""will save the state anywhere from $4 (million) to $11 million dollars.""",false,false,"['false', 'mostly-false', 'mostly-true', 'half-true']",4,True
"In Cranston, it costs $5,000 to $6,000 to send out community notifications on just one Level 3 sex offender.",false,false,['false'],1,True
"Says the Obama administration plans to reduce the number of beds devoted to holding individuals violating immigration laws and to ""release hundreds of dangerous criminals into our communities.""",mostly-false,false,"['false', 'mostly-false', 'mostly-true']",3,True
"“This year, there have been 13,000 deaths by gun violence. The vast majority, 95% of them, are in inner cities, where you have some of the strictest gun control laws in the country.”",mostly-false,mostly-false,"['mostly-false', 'false']",2,True
"Says John Cox ""parroted, parroted Trump — almost verbatim — on the children’s separation issues at the border.""",mostly-false,mostly-false,"['mostly-false', 'false', 'mostly-true', 'half-true']",4,True
"There were ""63 murders this weekend"" in Chicago and Mayor Rahm Emanuel’s legacy is ""more murders in his city than ever before.""",pants-fire,pants-fire,"['pants-fire', 'false']",2,True
"""Since 1978, California has spent $5 billion to put 13 people to death.""",mostly-false,false,"['false', 'mostly-true', 'mostly-false', 'half-true']",4,True
"""In Houston, Texas, there are more brothels than there are Starbucks.""",mostly-true,false,"['false', 'mostly-false', 'true', 'mostly-true', 'half-true']",5,True
"Says ""some Planned Parenthood chapters have been selling the body parts of aborted fetuses for profit.""",false,false,"['false', 'mostly-false', 'true', 'mostly-true', 'half-true']",5,True
"""A sitting sheriff cannot be charged except by a warrant issued by a Superior Court judge.""",half-true,mostly-true,"['mostly-true', 'half-true', 'mostly-false']",3,True
"Says ""Nancy Pelosi came out in favor of MS-13.""",false,false,['false'],1,True
Felony crimes in the city of Atlanta are the lowest they have been since 1969.,true,true,['true'],1,True
"Says that in Texas, it’s ""already illegal to enter a bathroom to harm someone.""",half-true,false,"['false', 'mostly-true', 'mostly-false', 'true']",4,False
"Says of MS-13 gang members, ""We are getting them out of our country by the thousands.""",mostly-false,mostly-false,"['mostly-false', 'mostly-true', 'false']",3,True
"Says a 9-year-old girl was recently raped in Austin, Texas, by a guy previously ""caught four times and released.""",half-true,false,"['false', 'mostly-false', 'half-true', 'mostly-true']",4,True
"""It costs us about $33,000 a year (on average nationally) to lock somebody up. In California it costs about $75,000 a year.""",true,true,"['true', 'mostly-true']",2,True
"An undocumented immigrant ""was arrested on suspicion of arson in (the) Wine Country fires that have killed at least 40 residents.""",false,false,"['false', 'true', 'mostly-false']",3,True
"""There have been more than 270 mass shootings in the United States in the last year alone. That’s where four or more are killed.""",false,mostly-true,"['mostly-true', 'mostly-false', 'half-true']",3,False
"Huckabee ""granted 1,033 pardons and commutations . . . more clemencies than the previous three governors combined.""",true,true,['true'],1,True
"""Chicago experienced its deadliest weekend of the year...With 7 dead and 52 wounded near a playground.""",mostly-false,mostly-false,"['mostly-false', 'false', 'half-true']",3,True
"Says Ted Cruz ""never denied"" his father was photographed with Lee Harvey Oswald.",pants-fire,false,"['false', 'mostly-false']",2,False
"Says ""the most dangerous time for children"" is from ""3 to 6 p.m., during which time juvenile crime rates triple""",half-true,half-true,"['half-true', 'mostly-true']",2,True
"""The proportion of Rhode Islanders entering substance abuse treatment primarily due to marijuana use has reached its highest point in 20 years.""",false,false,"['false', 'mostly-false', 'half-true', 'mostly-true']",4,True
"A University of Texas ""student pulled out a concealed handgun"" on a knife-wielding suspect ""and made him back down.""",pants-fire,false,"['false', 'mostly-false']",2,False
"“As California attorney general, (Kamala Harris) redefined child sex trafficking, assault with a deadly weapon, and rape of an unconscious person as a totally nonviolent crime.”",false,false,"['false', 'pants-fire']",2,True
"Under Wisconsin law, ""anyone who knows anything about a John Doe"" secret criminal investigation ""can't talk about it.""",half-true,half-true,['half-true'],1,True
Says Oregon ranks 30th in the nation with regard to its incarceration rate.,true,mostly-true,"['mostly-true', 'true', 'half-true']",3,True
"""There are places in America that are among the most dangerous in the world. You go to places like Oakland. Or Ferguson. The crime numbers are worse. Seriously.""",false,mostly-false,"['mostly-false', 'false', 'mostly-true', 'half-true']",4,True
"""Last year was one of the deadliest years ever for law enforcement officers.""",false,false,"['false', 'mostly-false']",2,True
"Phoenix is the kidnapping capital ""of the Western Hemisphere.""",false,false,['false'],1,True
"""You’ve got almost twice as many cops in New York City as you do on our entire border. That’s nuts.""",half-true,half-true,['half-true'],1,True
"""If there is a firearm available, it is 17 times more likely to be used either for suicide or for assaulting a friend, relative, an acquaintance than it is to be used in fending off an intruder.""",half-true,half-true,['half-true'],1,True
"''Over 40 percent of African-American men in (Milwaukee County) have been going to prison for low-level drug offenses, and I think a hundred times that in the city of Madison.""",false,false,['false'],1,True
"""By the time I finish this speech, two Americans will be slain, six women will be raped, 27 of us will be robbed, and 50 more will be beaten.""",mostly-true,mostly-false,"['mostly-false', 'mostly-true', 'half-true', 'false']",4,True
"""Rick Scott's prison plan would cut Florida's prison budget in half, close prisons, and release tens of thousands of prisoners early -- murderers, rapists, sex offenders, armed robbers, drug dealers.""",mostly-false,mostly-true,"['mostly-true', 'mostly-false']",2,True
"""What we have now is the most generous, in my opinion, 'good time' bill in the entire United States.""",false,false,['false'],1,True
“Violent crime is near a record 50-year low.”,true,true,['true'],1,True
Idaho shooting suspect Wess Roley faced criminal charges and had a no-contact order from his family.,false,false,['false'],1,True
“Cuomo ended cash bail ... and now the crime rate has gone through the roof.”,false,mostly-false,"['mostly-false', 'false', 'pants-fire']",3,True
"""There have been no hearings"" on a criminal justice bill being considered in the Senate.",mostly-false,false,"['false', 'mostly-false']",2,True
"""More people are driving under the influence of drugs than are driving under the influence of alcohol. A recent roadside survey showed that 16 percent of the people tested, tested positive for illicit or licit drugs. That's significantly higher than alcohol.""",half-true,half-true,['half-true'],1,True
“Kenosha car dealer kills himself after insurance won’t cover … damages caused by the riots.”,pants-fire,pants-fire,['pants-fire'],1,True
"""At his father's bank, Alexi made tens of millions in risky loans to convicted mobsters. Then, the bank collapsed.""",half-true,mostly-true,"['mostly-true', 'mostly-false', 'half-true']",3,True
People who stole U.S. Postal Service uniforms are posing as postal workers and robbing people at gunpoint.,false,false,"['false', 'mostly-false']",2,True
"""The White House fully cooperated with the Special Counsel’s investigation.""",false,false,"['false', 'mostly-false']",2,True
"In Ferguson, Mo., ""you've got three black officers and 50 white officers with a town that is 67 percent African-American.""",mostly-true,true,"['true', 'mostly-true']",2,True
"""I have seen crime increase in every major metropolitan area (in California) … Crime is on the rise in every major market.""",mostly-false,false,"['false', 'mostly-false', 'half-true']",3,True
"In the U.S., ""African-Americans continue to be arrested at nearly three and one half times the rate of whites"" on marijuana charges.",true,true,['true'],1,True
Says Travis County’s sheriff refuses to enforce 8 USC 1373.,false,false,"['false', 'mostly-false', 'true', 'mostly-true']",4,True
"""Brock Turner’s early release will be a regular occurrence if Prop. 57 passes.""",mostly-false,mostly-false,"['mostly-false', 'false', 'half-true']",3,True
"""Texas has lost the most law enforcement officers in the line of duty of any state in America.""",true,true,"['true', 'mostly-true']",2,True
"Says that Bill Clinton ""basically"" told then-Attorney General Loretta Lynch in 2016 that ""we killed Vince Foster.""",pants-fire,false,['false'],1,False
"""The truth of the matter is that during my administration, the FBI's crime statistics show that violent crime was reduced in Massachusetts by 7 percent.""",true,true,['true'],1,True
"Many gang members have taken advantage of ""glaring loopholes and our laws to enter the country as illegal, unaccompanied, alien minors.""",half-true,mostly-false,"['mostly-false', 'false']",2,False
Says the Obamas are connected to the Varsity Blues college admissions scandal.,false,false,['false'],1,True
"Prince William County ""has cut violent crime in half"" since instituting a crackdown on illegal immigration.",mostly-false,false,"['false', 'mostly-false']",2,True
"Washington, D.C., has 41 homicides per 100,000 people, “No. 1 that we can find anywhere in the world.”",false,false,"['false', 'pants-fire']",2,True
"""100 percent of the crime is committed, in estimate, by about 15 percent of the population.""",pants-fire,mostly-true,"['mostly-true', 'half-true', 'false', 'mostly-false']",4,False
"Says President Donald Trump ""cut funding from the Justice Department to investigate these domestic terrorist groups, these white supremacist groups.""",mostly-false,false,"['false', 'mostly-false', 'half-true', 'mostly-true']",4,True
Says 88 Texas constables have died in the line of duty.,true,false,"['false', 'true', 'mostly-true', 'mostly-false', 'half-true']",5,True
"""We are at a 40-year low in our crime rate in our state.""",true,true,['true'],1,True
"""There have been multiple media reports about (Donald Trump's) business dealings with the mob, with the mafia.""",true,true,"['true', 'mostly-true']",2,True
"""Just last year, alone, 710 police officers"" were assaulted in New York state.",mostly-true,false,"['false', 'mostly-false', 'mostly-true', 'half-true']",4,True
"Louie Gohmert of Texas ""blamed the mass shooting at a movie theater in Colorado on ‘the ongoing attacks on Judeo-Christian beliefs.'""",mostly-false,true,"['true', 'mostly-true']",2,False
"""Austin is the safest big city in Texas.""",half-true,mostly-true,"['mostly-true', 'mostly-false', 'false', 'half-true']",4,True
"California has lower homicide rates than Alabama, Arkansas and Oklahoma.",mostly-true,true,"['true', 'mostly-true']",2,True
"""48-Hour waiting periods limit crimes of passion and keep our communities safe.”",half-true,mostly-true,"['mostly-true', 'half-true', 'mostly-false', 'true']",4,True
A book on Amazon titled “The Shooting of Charlie Kirk” with a Sept. 9 publication date is evidence the event was staged.,false,false,['false'],1,True
Cheri Beasley was “encouraging (riots) all across our state and all across our country in 2020.”,false,false,"['false', 'mostly-false']",2,True
"There are ""approximately 20,000 annual gun purchases in Rhode Island.""",true,mostly-true,"['mostly-true', 'true', 'half-true', 'mostly-false']",4,True
"Six convictions are connected to an allegation by prosecutors ""that Gov. Scott Walker is at the center of a criminal scheme.""",false,false,['false'],1,True
"Says Mitch McConnell voted ""two times against the Violence Against Women Act.""",half-true,mostly-true,"['mostly-true', 'true', 'half-true', 'mostly-false']",4,True
"""Transgender individuals in the U.S. have a 1-in-12 chance of being murdered.""",pants-fire,false,"['false', 'true', 'mostly-false']",3,False
“These mass shootings happen so much that Ted Cruz really got a template ready to tweet whenever they occur.”,false,false,"['false', 'mostly-false', 'mostly-true']",3,True
Says gas pumps in different parts of Texas are missing state inspection stickers and/or their inspections are out of date--and that's cheating consumers.,half-true,half-true,['half-true'],1,True
“These ‘peaceful’ protesters burned these horses to death.”,false,false,"['false', 'mostly-false']",2,True
"""The FBI has become America's secret police …  like the old KGB.""",pants-fire,false,"['false', 'mostly-false', 'pants-fire']",3,True
"The ""stand your ground"" law caused the shooting death of Trayvon Martin.",false,false,"['false', 'mostly-false']",2,True
"Of the approximately 6 million disenfranchised felons in the United States, ""one-quarter are Floridians.""",mostly-true,mostly-true,"['mostly-true', 'true', 'half-true', 'false', 'mostly-false']",5,True
"Tony Evers “wants to let out between 9,000 and 10,000 more” Wisconsin prisoners",false,false,"['false', 'mostly-false']",2,True
"It ""is Hillary Clinton's agenda"" to ""release the violent criminals from jail. She wants them all released.""",pants-fire,false,"['false', 'pants-fire']",2,True
"“Joe Biden wants to eliminate a regulation that requires school districts to report allegations of teacher on student rape, alleged rape, and sexual assault.”",false,false,"['false', 'mostly-false']",2,True
"About ""3 percent of murders and crimes are committed with guns from people who actually (legally) purchase those guns.""",half-true,mostly-true,"['mostly-true', 'half-true', 'mostly-false']",3,True
Three churches were targeted during arson attacks over the summer “because they protect unborn babies and women in need.”,mostly-false,false,"['false', 'mostly-false']",2,True
"Says Tony Evers ""wants to cut Wisconsin's prison population in half, a dangerous plan that today would mean releasing thousands of violent criminals back into our communities.""",half-true,half-true,['half-true'],1,True
"""SIX of the most prominent activists during the Ferguson riots have all been found burned to death in their cars. There are no coincidences here.""",mostly-false,false,"['false', 'pants-fire']",2,False
"A loophole ""still exists which allows members of Congress and high-powered executive branch appointees to exploit 'insider' knowledge of the financial industry in order to turn personal profit.""",true,true,['true'],1,True
"While previous clemency boards granted restoration of civil rights to thousands of Floridians,  ""so far this year, under this clemency board, four (felons) have gotten their rights back.""",mostly-true,mostly-true,"['mostly-true', 'true', 'half-true']",3,True
"Says the Central Park Five ""admitted their guilt.""",mostly-false,false,"['false', 'mostly-false']",2,True
"""In my first year in office, Aurora homicides went down by 40%.""",mostly-false,false,"['false', 'mostly-false', 'mostly-true', 'half-true']",4,True
"""Across the board, violent crime in jurisdictions that recognize the Right to Carry is lower than in areas that prevent it.""",false,false,['false'],1,True
"Says Donald Trump ""thinks stop-and-frisk is fine.""",true,true,['true'],1,True
"Says Milwaukee County Sheriff David Clarke has ""deputies collecting overtime while sitting passively in chairs watching courthouse security personnel work.""",mostly-true,mostly-true,['mostly-true'],1,True
"On Jan. 6, 2021, U.S. Capitol “protestors carried no weapons.”",pants-fire,false,['false'],1,False
"""Broward County Sheriff fired for lying about Parkland.""",pants-fire,pants-fire,['pants-fire'],1,True
"""Most of your serial killers, most of your people who commit domestic violence, they start off by abusing animals.""",false,mostly-false,"['mostly-false', 'false', 'half-true']",3,True
"""Deidre DeJear refused to stand for police.""",half-true,false,"['false', 'mostly-false', 'mostly-true', 'half-true']",4,True
"""Wendy Davis’ legal work is currently under FBI investigation.""",mostly-false,false,"['false', 'mostly-false', 'pants-fire']",3,True
"Says ""Florida is a model"" for successful pretrial release programs.",half-true,mostly-true,"['mostly-true', 'half-true', 'mostly-false']",3,True
"Data on violent crime shows Wisconsin ""has become less safe than it was when Scott Walker took office.""",mostly-false,mostly-false,"['mostly-false', 'half-true']",2,True
"In Parkland, Fla. ""the mass murderer was immersed in Islamic and leftwing hate.""",pants-fire,pants-fire,"['pants-fire', 'false']",2,True
"Says Neil Gorsuch ""comes down on the side of felons over gun safety.""",mostly-false,mostly-false,"['mostly-false', 'false', 'mostly-true', 'half-true']",4,True
Says Texas Department of Public Safety numbers show that 1.6 percent of crime is committed by unauthorized immigrants.,half-true,false,"['false', 'mostly-false', 'mostly-true']",3,False
"Says under Mayor Cory Booker, Newark has seen ""violent crime up five years in a row, murder up five years in a row.""",half-true,mostly-false,"['mostly-false', 'false', 'mostly-true', 'half-true']",4,True
Suzanne Bonamici was the only no vote on a 2009 bill cracking down on drunk drivers.,true,true,['true'],1,True
Says El Chapo testified in court that he paid off Nancy Pelosi to keep the U.S.-Mexico border open for drug cartels.,pants-fire,false,['false'],1,False
"""Semi-automatic weapons, whether pistol or rifle, were designed for use by the military on the battlefield.""",false,false,"['false', 'half-true', 'mostly-false', 'mostly-true']",4,True
Says “Property crime rising in Austin. This is the kind of thing that happens when cities defund and deemphasize police. Residents are left to fend for themselves.”,mostly-false,mostly-false,"['mostly-false', 'false']",2,True
"""Private prison systems are calculating how many new beds (they will need) based on the ... number of third graders.""",pants-fire,false,"['false', 'mostly-false', 'true']",3,False
"""Phoenix, Arizona, I'm told, is now the No. 2 kidnapping capital in the world, right behind Mexico City.""",false,false,['false'],1,True
"Says that Lee Fisher once said, ""I never met a gun control bill I didn’t like.""",false,false,['false'],1,True
"In a recent year, the Milwaukee Police Department ""collected more guns per capita off the streets than in New York.”",true,true,"['true', 'mostly-true']",2,True
California Democrats “block bill to make sex trafficking minors a felony.”,mostly-false,false,"['false', 'mostly-false', 'mostly-true']",3,True
"Says the ""South African Government is now seizing land from white farmers"" and alleges a ""large scale killing of farmers"" in the country.",mostly-false,false,"['false', 'mostly-false']",2,True
“12 white female bodies in garage freezer tagged ‘Black Lives Matter.’”,pants-fire,pants-fire,['pants-fire'],1,True
